n1,n2,k,k_prime,lamda,size msk,size pp,size ct,size sk,time setup,time keygen,time encrypt,time decrypt,time total
16,16,32,32,128,0.4375,0.4375,0.4375,0.4375,478119850.1586914,493306398.39172363,1439674854.2785645,152621269.22607422,2563722372.0550537
32,32,32,32,128,0.4375,0.4375,0.4375,0.4375,496901035.3088379,2370775699.6154785,3250090599.0600586,1020309209.8236084,7138076543.807983
64,64,32,32,128,0.4375,0.4375,0.4375,0.4375,552558422.088623,9837226629.257202,5662524700.164795,7734534740.447998,23786844491.95862
128,128,32,32,128,0.4375,0.4375,0.4375,0.4375,468431472.7783203,57484010457.99255,10088712453.842163,53772811651.22986,121813966035.8429
