n1,n2,k,k_prime,lamda,size msk,size pp,size ct,size sk,time setup,time keygen,time encrypt,time decrypt,time total
16,16,4,4,128,0.4375,0.4375,0.4375,0.4375,8006095.886230469,59043169.021606445,65148115.158081055,46378612.51831055,178575992.58422852
32,32,4,4,128,0.4375,0.4375,0.4375,0.4375,9399890.899658203,228909730.91125488,140880346.29821777,119868755.34057617,499058723.44970703
64,64,4,4,128,0.4375,0.4375,0.4375,0.4375,8395671.844482422,1124140739.440918,281275272.36938477,950457096.0998535,2364268779.7546387
128,128,4,4,128,0.4375,0.4375,0.4375,0.4375,7797002.792358398,8922922611.236572,640428304.6722412,8857459545.135498,18428607463.83667
