n1,n2,k,k_prime,lamda,size msk,size pp,size ct,size sk
100,100,4,4,16,10.1103515625,13.0,276.25,2.5
200,200,4,4,16,10.1103515625,13.0,551.25,2.5
